{
  "hash": "1f0d37ad",
  "configHash": "e5490a4d",
  "lockfileHash": "64efadd0",
  "browserHash": "9c94eb81",
  "optimized": {
    "@angular/core": {
      "src": "../../../../../../node_modules/@angular/core/fesm2022/core.mjs",
      "file": "@angular_core.js",
      "fileHash": "b0a4be1e",
      "needsInterop": false
    },
    "@angular/platform-browser": {
      "src": "../../../../../../node_modules/@angular/platform-browser/fesm2022/platform-browser.mjs",
      "file": "@angular_platform-browser.js",
      "fileHash": "43b40e91",
      "needsInterop": false
    },
    "@angular/router": {
      "src": "../../../../../../node_modules/@angular/router/fesm2022/router.mjs",
      "file": "@angular_router.js",
      "fileHash": "6f1d7fba",
      "needsInterop": false
    },
    "@angular/common": {
      "src": "../../../../../../node_modules/@angular/common/fesm2022/common.mjs",
      "file": "@angular_common.js",
      "fileHash": "fc4783ae",
      "needsInterop": false
    }
  },
  "chunks": {
    "chunk-IMBRANKY": {
      "file": "chunk-IMBRANKY.js"
    },
    "chunk-P7UC3KGZ": {
      "file": "chunk-P7UC3KGZ.js"
    },
    "chunk-QYZBEJCL": {
      "file": "chunk-QYZBEJCL.js"
    }
  }
}